{
    "loss": 0.24792598187923431,
    "accuracy": 0.929646372795105
}