{
    "loss": 0.23248708248138428,
    "accuracy": 0.931433379650116
}