{
    "loss": 0.0772174671292305,
    "accuracy": 0.983916163444519
}